product_id,image_id_atual,arquivo_original,artefato
220949770,1291577237,220949770_816179637.jpg,fundo-branco-4
257056197,1291579856,257056197_826325653.jpg,fundo-branco-4
257056197,1291579881,257056197_826325652.jpg,fundo-branco-4
282245690,1291582207,282245690_931197442.jpg,fundo-branco-4
296726603,1291584772,296726603_988948139.jpg,fundo-branco-4
310057967,1291586540,310057967_1046349320.jpg,fundo-branco-4
173073969,1290455685,173073969_540741909.jpg,fundo-branco-3
180439982,1290456438,180439982_738360019.jpg,fundo-branco-3
185317472,1290456664,185317472_540687231.jpg,fundo-branco-3
185319596,1290457031,185319596_540700694.jpg,fundo-branco-3
185326635,1290457270,185326635_540738469.jpg,fundo-branco-3
185327762,1290457915,185327762_738355194.jpg,fundo-branco-3
185338982,1290459058,185338982_540799132.jpg,fundo-branco-3
188779709,1290459550,188779709_554108668.jpg,fundo-branco-3
190628043,1290460095,190628043_561974084.jpg,fundo-branco-3
190628135,1290460166,190628135_561974180.jpg,fundo-branco-3
190628135,1290460203,190628135_561974181.jpg,fundo-branco-3
193353303,1290460327,193353303_572100729.jpg,fundo-branco-3
210648493,1291439906,210648493_990129905.jpg,fundo-branco-4
210851013,1290756561,210851013_643583048.jpg,fundo-branco-4
210852995,1290756711,210852995_643592165.jpg,fundo-branco-4
210878886,1290757355,210878886_824382121.jpg,fundo-branco-4
210878886,1290757401,210878886_824382138.jpg,fundo-branco-4
210882244,1290757537,210882244_643726428.jpg,fundo-branco-4
210883648,1290757750,210883648_643733247.jpg,fundo-branco-4
210974967,1290758095,210974967_644343719.jpg,fundo-branco-4
211120929,1290758664,211120929_645067218.jpg,fundo-branco-4
212918522,1291441148,212918522_652836864.jpg,fundo-branco-4
212971994,1291441233,212971994_652906833.jpg,fundo-branco-4
213259982,1290767432,213259982_654089149.jpg,fundo-branco-4
213260921,1291441447,213260921_654094505.jpg,fundo-branco-4
214038231,1290768074,214038231_840309807.jpg,fundo-branco-4
214325251,1290768392,214325251_986876145.jpg,fundo-branco-4
214650192,1290768961,214650192_659592533.jpg,fundo-branco-4
214661472,1291441619,214661472_659647883.jpg,fundo-branco-4
217900500,1290771018,217900500_673122320.jpg,fundo-branco-4
218053445,1290772025,218053445_673760424.jpg,fundo-branco-4
218053540,1290772372,218053540_673761078.jpg,fundo-branco-4
218445313,1290772900,218445313_675487043.jpg,fundo-branco-4
219930168,1290774075,219930168_681500493.jpg,fundo-branco-4
220166554,1290774280,220166554_682438315.jpg,fundo-branco-4
220166554,1290774444,220166554_682438316.jpg,fundo-branco-4
220949770,1291442105,220949770_816179640.jpg,fundo-branco-4
221689221,1290775633,221689221_688639283.jpg,fundo-branco-4
221690608,1290776027,221690608_688646501.jpg,fundo-branco-4
223740525,1290776951,223740525_695837719.jpg,fundo-branco-4
223744047,1290777310,223744047_695854129.jpg,fundo-branco-4
223978166,1290777908,223978166_696748558.jpg,fundo-branco-4
224672003,1290779258,224672003_699676964.jpg,fundo-branco-4
226846109,1290780084,226846109_709036871.jpg,fundo-branco-4
228019299,1290780421,228019299_714033623.jpg,fundo-branco-4
228019299,1290780571,228019299_714033636.jpg,fundo-branco-4
233193193,1290784241,233193193_731331761.jpg,fundo-branco-4
235820206,1290785026,235820206_739068127.jpg,fundo-branco-4
236022956,1290785319,236022956_739865597.jpg,fundo-branco-4
236036672,1290785872,236036672_739902723.jpg,fundo-branco-4
248997016,1290791261,248997016_793615113.jpg,fundo-branco-4
251795233,1290794991,251795233_804695836.jpg,fundo-branco-4
251960363,1291447756,251960363_805418315.jpg,fundo-branco-4
251973502,1290795444,251973502_805479345.jpg,fundo-branco-4
251978752,1290795800,251978752_805505561.jpg,fundo-branco-4
254156894,1290797641,254156894_814176217.jpg,fundo-branco-4
256626398,1290799224,256626398_824325027.jpg,fundo-branco-4
256639269,1290799587,256639269_824369748.jpg,fundo-branco-4
257240920,1290801537,257240920_827162664.jpg,fundo-branco-4
260071056,1290804803,260071056_838677167.jpg,fundo-branco-4
260435229,1290805971,260435229_839959000.jpg,fundo-branco-4
261296971,1290810573,261296971_843138344.jpg,fundo-branco-4
263681271,1291451823,263681271_852645878.jpg,fundo-branco-4
265417709,1290813361,265417709_859985121.jpg,fundo-branco-4
276780177,1290817108,276780177_907869608.jpg,fundo-branco-4
277677953,1290818689,277677953_911877325.jpg,fundo-branco-4
282245690,1291454327,282245690_931197439.jpg,fundo-branco-4
282245690,1291582166,282245690_931197437.jpg,fundo-branco-4
282245690,1291454216,282245690_931197436.jpg,fundo-branco-4
282245690,1291454175,282245690_931197435.jpg,fundo-branco-4
282245690,1291582226,282245690_931197433.jpg,fundo-branco-4
282245690,1291454060,282245690_931197432.jpg,fundo-branco-4
282488339,1290822335,282488339_932064888.jpg,fundo-branco-4
284218772,1290824948,284218772_939465350.jpg,fundo-branco-4
284221377,1290825403,284221377_986945457.jpg,fundo-branco-4
284706668,1291455361,284706668_941293742.jpg,fundo-branco-4
285731787,1290829246,285731787_945391064.jpg,fundo-branco-4
285735001,1290829615,285735001_945404368.jpg,fundo-branco-4
285750589,1290830614,285750589_945480627.jpg,fundo-branco-4
286505477,1290830885,286505477_948344447.jpg,fundo-branco-4
293085739,1290832637,293085739_973786876.jpg,fundo-branco-4
296726603,1291459069,296726603_988948138.jpg,fundo-branco-4
296726603,1291459285,296726603_988948143.jpg,fundo-branco-4
296726603,1291584795,296726603_988948140.jpg,fundo-branco-4
301811902,1290838980,301811902_1011947016.jpg,fundo-branco-4
301818217,1290840241,301818217_1011998515.jpg,fundo-branco-4
303139662,1290841381,303139662_1016981902.jpg,fundo-branco-4
304338440,1290843280,304338440_1022288277.jpg,fundo-branco-4
304725119,1290843583,304725119_1024118350.jpg,fundo-branco-4
307044713,1290844209,307044713_1033565279.jpg,fundo-branco-4
307045672,1290844451,307045672_1033570355.jpg,fundo-branco-4
315337607,1290849113,315337607_1070502031.jpg,fundo-branco-4
316561077,1290851807,316561077_1076365345.jpg,fundo-branco-4
318045672,1290855110,318045672_1082459609.jpg,fundo-branco-4
318048243,1290855830,318048243_1082469744.jpg,fundo-branco-4
318049148,1290856094,318049148_1082472775.jpg,fundo-branco-4
321602128,1290859306,321602128_1097870165.jpg,fundo-branco-4
321603334,1290859627,321603334_1097875229.jpg,fundo-branco-4
321706586,1291459574,321706586_1098342944.jpg,fundo-branco-4
323037264,1290863564,323037264_1104152506.jpg,fundo-branco-4
324268662,1290863926,324268662_1109808687.jpg,fundo-branco-4
327736936,1290868664,327736936_1124725180.jpg,fundo-branco-4
328163444,1290868865,328163444_1126425366.jpg,fundo-branco-4
328165919,1291459663,328165919_1126432628.jpg,fundo-branco-4
328168702,1290869546,328168702_1126446119.jpg,fundo-branco-4
329736559,1290870752,329736559_1132944925.jpg,fundo-branco-4
329739602,1290871885,329739602_1132958717.jpg,fundo-branco-4
332751330,1290875541,332751330_1145721948.jpg,fundo-branco-4
333451111,1290876548,333451111_1148244930.jpg,fundo-branco-4
333451111,1290876599,333451111_1148244927.jpg,fundo-branco-4
334097140,1290878233,334097140_1150863831.jpg,fundo-branco-4
335782805,1290879804,335782805_1158634134.jpg,fundo-branco-4
341727845,1291459796,341727845_1184534699.jpg,fundo-branco-4
341728109,1291459887,341728109_1184536278.jpg,fundo-branco-4
345315592,1290885069,345315592_1197585917.jpg,fundo-branco-4
352232960,1290887461,352232960_1220811955.jpg,fundo-branco-4
352648058,1290887964,352648058_1222173892.jpg,fundo-branco-4
355841675,1290889861,355841675_1233568345.jpg,fundo-branco-4
355887260,1290891393,355887260_1233718057.jpg,fundo-branco-4
355893185,1290892432,355893185_1233732211.jpg,fundo-branco-4
355893804,1290892761,355893804_1233736640.jpg,fundo-branco-4
357927417,1290894039,357927417_1240730440.jpg,fundo-branco-4
358033910,1290895759,358033910_1241134465.jpg,fundo-branco-4
360431863,1290898443,360431863_1250105029.jpg,fundo-branco-4
361455472,1290898952,361455472_1253463728.jpg,fundo-branco-4
361457185,1290899252,361457185_1253470992.jpg,fundo-branco-4
361459565,1290900024,361459565_1253480001.jpg,fundo-branco-4
363596099,1290901634,363596099_1260259322.jpg,fundo-branco-4
363599690,1290902669,363599690_1260263489.jpg,fundo-branco-4
